orig_index,title,reference,subreddit,raw_score,comment,time_raw,username,description,url,text_for_analysis,clean_text,score,created_at,sentiment,sentiment_score,nature,topic,dangerous,created_at_str
0,"If India vs Pakistan doesn‚Äôt happen, 50% of the World Cup is gone‚Äù ‚Äì Rashid Latif urges Pakistan to boycott T20 WC üáÆüá≥üáµüá∞üî•",1qjte3r,indiancricketcrowd,4,5,2026-01-22 12:35:27,Far_Anxiety_6352,"Former Pakistan cricketer Rashid Latif has made a strong statement amid ongoing tensions, claiming that an India‚ÄìPakistan clash is crucial for the World Cup‚Äôs value. He suggests Pakistan should stand with Bangladesh and refuse to play the T20 World Cup to challenge the existing cricket power structure. His comments have sparked intense debate among fans about politics, revenue, and the future of international cricket. What‚Äôs your take",https://i.redd.it/rka1c28vaweg1.jpeg,"If India vs Pakistan doesn‚Äôt happen, 50% of the World Cup is gone‚Äù ‚Äì Rashid Latif urges Pakistan to boycott T20 WC üáÆüá≥üáµüá∞üî• 5 Former Pakistan cricketer Rashid Latif has made a strong statement amid ongoing tensions, claiming that an India‚ÄìPakistan clash is crucial for the World Cup‚Äôs value. He suggests Pakistan should stand with Bangladesh and refuse to play the T20 World Cup to challenge the existing cricket power structure. His comments have sparked intense debate among fans about politics, revenue, and the future of international cricket. What‚Äôs your take",if india vs pakistan doesn t happen of the world cup is gone rashid latif urges pakistan to boycott t wc former pakistan cricketer rashid latif has made a strong statement amid ongoing tensions claiming that an india pakistan clash is crucial for the world cup s value he suggests pakistan should stand with bangladesh and refuse to play the t world cup to challenge the existing cricket power structure his comments have sparked intense debate among fans about politics revenue and the future of international cricket what s your take,4,2026-01-22 12:35:27,Anti-India,0.419,call-to-action,2,True,2026-01-22 12:35:27
1,How do you maintain your revolutionary optimism?,1qjtcv9,IndianLeft,2,1,2026-01-22 12:33:48,Divagaran5,"hi all. it has been a while since I believe social ownership of means of production to be the solution to solving most of the world‚Äôs miseries, and by that, the capture of political power by the working class by a revolution.

it has been a while, probably more than a year, and now I think and I see things and probably have a more Marxist outlook on life, i.e. seeing the base of the issue rather than seeing it on the surface. I think it makes me a better person, has made me I believe. I also organize whenever I have the time for it and do some other works. 

so day by day, the reality is hitting hard as we put thought to practice. and I see the revolution more distant day by day, though I never rule out the possibility of one brewing. because dialectical motion of things can never be static, with small changes, come the big ones. 

but overall, while speaking to my friends, spending some time with family, going out, spending time on internet, it just kind of hits that the capitalist mindset has taken over people. add to that the casteist and religious bigotry that exists beforehand. add the red scare propaganda to that. and most importantly, the idea of having a better life and a better world under capitalism which has been sold to the people.

in short, a petty bourgeois mindset has been instilled into the youth and almost all of India‚Äôs population.

and we‚Äôre a country dealing with fascism as we speak now. if things get even worse, globally and locally, communists, leftists, etc would be one of the first set of people to be targeted as history always says. 

entertainment, sports, cinema, philosophy, religion, news, etc are all in the hands of the few, and is adding fuel to the fascist fire. 

the oppositions instead of organizing are trying to fight within the bounds drawn by the fascists and I don‚Äôt blame them either, because they are ruling class forces.

the ‚Äúcommunist‚Äù parties, the electoral ones, are revisionist. they tail the masses. 

even the anti-revisionist movements are split, and there‚Äôs no vanguard party.

and most importantly, as far as I‚Äôve observed, the material conditions here point to a revolution certainly, but not sooner. it will take a long long time because we need to struggle, and more material developments need to happen to take things closer for the revolution.

in these times, how do you maintain revolutionary optimism?

for me, it has always been about possibility and impossibility, because a possibility can become an impossibility under certain conditions, also an impossibility can become a possibility under certain conditions. the rule of dialectics is to never rule out possibilities. 

I read that even Lenin thought the revolution was not going to happen in his lifetime. and a revolutionary should always do something to progress their class and cannot dream of a fruit the same day they sow the seeds and water it. 

I believe we‚Äôre going somewhere, and I‚Äôm glad, but still, the distance seem too far. and it gets tiring sometimes.

what keeps you motivated and running?",https://www.reddit.com/r/IndianLeft/comments/1qjtcv9/how_do_you_maintain_your_revolutionary_optimism/,"How do you maintain your revolutionary optimism? 1 hi all. it has been a while since I believe social ownership of means of production to be the solution to solving most of the world‚Äôs miseries, and by that, the capture of political power by the working class by a revolution.

it has been a while, probably more than a year, and now I think and I see things and probably have a more Marxist outlook on life, i.e. seeing the base of the issue rather than seeing it on the surface. I think it makes me a better person, has made me I believe. I also organize whenever I have the time for it and do some other works. 

so day by day, the reality is hitting hard as we put thought to practice. and I see the revolution more distant day by day, though I never rule out the possibility of one brewing. because dialectical motion of things can never be static, with small changes, come the big ones. 

but overall, while speaking to my friends, spending some time with family, going out, spending time on internet, it just kind of hits that the capitalist mindset has taken over people. add to that the casteist and religious bigotry that exists beforehand. add the red scare propaganda to that. and most importantly, the idea of having a better life and a better world under capitalism which has been sold to the people.

in short, a petty bourgeois mindset has been instilled into the youth and almost all of India‚Äôs population.

and we‚Äôre a country dealing with fascism as we speak now. if things get even worse, globally and locally, communists, leftists, etc would be one of the first set of people to be targeted as history always says. 

entertainment, sports, cinema, philosophy, religion, news, etc are all in the hands of the few, and is adding fuel to the fascist fire. 

the oppositions instead of organizing are trying to fight within the bounds drawn by the fascists and I don‚Äôt blame them either, because they are ruling class forces.

the ‚Äúcommunist‚Äù parties, the electoral ones, are revisionist. they tail the masses. 

even the anti-revisionist movements are split, and there‚Äôs no vanguard party.

and most importantly, as far as I‚Äôve observed, the material conditions here point to a revolution certainly, but not sooner. it will take a long long time because we need to struggle, and more material developments need to happen to take things closer for the revolution.

in these times, how do you maintain revolutionary optimism?

for me, it has always been about possibility and impossibility, because a possibility can become an impossibility under certain conditions, also an impossibility can become a possibility under certain conditions. the rule of dialectics is to never rule out possibilities. 

I read that even Lenin thought the revolution was not going to happen in his lifetime. and a revolutionary should always do something to progress their class and cannot dream of a fruit the same day they sow the seeds and water it. 

I believe we‚Äôre going somewhere, and I‚Äôm glad, but still, the distance seem too far. and it gets tiring sometimes.

what keeps you motivated and running?",how do you maintain your revolutionary optimism hi all it has been a while since i believe social ownership of means of production to be the solution to solving most of the world s miseries and by that the capture of political power by the working class by a revolution it has been a while probably more than a year and now i think and i see things and probably have a more marxist outlook on life i e seeing the base of the issue rather than seeing it on the surface i think it makes me a better person has made me i believe i also organize whenever i have the time for it and do some other works so day by day the reality is hitting hard as we put thought to practice and i see the revolution more distant day by day though i never rule out the possibility of one brewing because dialectical motion of things can never be static with small changes come the big ones but overall while speaking to my friends spending some time with family going out spending time on internet it just kind of hits that the capitalist mindset has taken over people add to that the casteist and religious bigotry that exists beforehand add the red scare propaganda to that and most importantly the idea of having a better life and a better world under capitalism which has been sold to the people in short a petty bourgeois mindset has been instilled into the youth and almost all of india s population and we re a country dealing with fascism as we speak now if things get even worse globally and locally communists leftists etc would be one of the first set of people to be targeted as history always says entertainment sports cinema philosophy religion news etc are all in the hands of the few and is adding fuel to the fascist fire the oppositions instead of organizing are trying to fight within the bounds drawn by the fascists and i don t blame them either because they are ruling class forces the communist parties the electoral ones are revisionist they tail the masses even the anti revisionist movements are split and there s no vanguard party and most importantly as far as i ve observed the material conditions here point to a revolution certainly but not sooner it will take a long long time because we need to struggle and more material developments need to happen to take things closer for the revolution in these times how do you maintain revolutionary optimism for me it has always been about possibility and impossibility because a possibility can become an impossibility under certain conditions also an impossibility can become a possibility under certain conditions the rule of dialectics is to never rule out possibilities i read that even lenin thought the revolution was not going to happen in his lifetime and a revolutionary should always do something to progress their class and cannot dream of a fruit the same day they sow the seeds and water it i believe we re going somewhere and i m glad but still the distance seem too far and it gets tiring sometimes what keeps you motivated and running,2,2026-01-22 12:33:48,Pro-India,0.286,communal,1,False,2026-01-22 12:33:48
2,20M Medico from Kerala looking for some friends,1qjsmd1,MakeNewFriendsHere,1,1,2026-01-22 11:57:04,Weak_Carob_1741,"Hey!!!I'm 20M gay medico from Kerala, India. I'm so lazy that I'm on my phone during my internals.. anyway I'm interested in Indian movies and politics.. My favourite genre is horror and thriller.. I'm a good listener and i won't judge you so feel free to share anything... if anyone interested dm me‚ù§Ô∏è",https://www.reddit.com/r/MakeNewFriendsHere/comments/1qjsmd1/20m_medico_from_kerala_looking_for_some_friends/,"20M Medico from Kerala looking for some friends 1 Hey!!!I'm 20M gay medico from Kerala, India. I'm so lazy that I'm on my phone during my internals.. anyway I'm interested in Indian movies and politics.. My favourite genre is horror and thriller.. I'm a good listener and i won't judge you so feel free to share anything... if anyone interested dm me‚ù§Ô∏è",m medico from kerala looking for some friends hey i m m gay medico from kerala india i m so lazy that i m on my phone during my internals anyway i m interested in indian movies and politics my favourite genre is horror and thriller i m a good listener and i won t judge you so feel free to share anything if anyone interested dm me,1,2026-01-22 11:57:04,Pro-India,0.85,pro-india,2,False,2026-01-22 11:57:04
3,Kenya Airways ‚úàÔ∏è. A National Carrier Reduced to a Case Study in Decay,1qjsfef,unhingedKenya,1,0,2026-01-22 11:46:37,DirectorSea9571,"Kenya Airways is not experiencing hardship, it is rotting in plain sight. Undermined by internal sabotage, alleged spare parts theft, & suffocating political entanglements, the airline now mirrors a terminal patient surviving on denial instead of direction. The disgrace is visible on the apron itself aircraft dispatched in patched or incomplete livery, signalling an institution unable to finance even its own identity, let alone compete credibly. As rivals across the continent renew fleets & sharpen execution, KQ drags ageing 737s through regional skies, selling hollow assurances to Kenyans & demanding belief in a seriousness that no longer exists. This decay is the predictable outcome of corruption tolerated, arrogance protected, & incompetence left airborne.

The collapse has moved from boardrooms into public view, with the Nairobi‚ÄìIndia corridor serving as the clearest autopsy. India ranks among the largest outbound passenger & cargo markets globally, yet KQ treats it like an afterthought chaotic schedules, last minute delays stretching into hours, flight mergers sprung on travellers, vacant seats paired with inflated pricing, all on a single route. A market capable of sustaining daily wide body service to Mumbai & Delhi is instead throttled by narrow body deployment, unreliable operations, & logistical disorder. Demand has not failed, management has sabotaged it from within.

As this retreat unfolds, Ethiopian Airlines advances without hesitation. Wide body aircraft now serve multiple Indian cities, cargo capacity is deliberately protected, & additional Dreamliners are ordered to expand rather than merely endure. The outcome is ruthless but logical passengers, incentive groups, tourism flows, & freight have migrated away from Kenya. IndiGo, despite its low cost model, now carries most Kenya‚ÄìIndia traffic, while cargo volumes once anchored by KQ sit firmly with competing operators. This implosion is voluntary driven by poor fleet choices, ignored alarms, collapsing crew morale, deteriorating onboard standards, & leadership indifference cushioned by executive reward. A carrier that disrespects time, customers, & markets forfeits its flag bearer status & becomes a national liability. Fail to change course now, & the India route will stand not as an anomaly, but as the architectural plan for burial.

\^\^\^ Kenya Airways is collapsing under self inflicted failures internal sabotage, alleged theft, political interference, & chronic mismanagement have replaced strategy with excuses. Its ageing fleet, patchy aircraft, declining service, and erratic schedules now expose an airline losing relevance as competitors surge ahead. On the Nairobi‚ÄìIndia route, a lucrative market is mishandled delays, reduced capacity, narrow body planes, & inflated fares drive passengers & cargo to Ethiopian Airlines & low cost carriers like IndiGo. Poor fleet planning, ignored warnings, & demoralized staff compounded by indifferent leadership threaten not just one route, but the very survival of KQ.",https://v.redd.it/8v61jyh82weg1,"Kenya Airways ‚úàÔ∏è. A National Carrier Reduced to a Case Study in Decay 0 Kenya Airways is not experiencing hardship, it is rotting in plain sight. Undermined by internal sabotage, alleged spare parts theft, & suffocating political entanglements, the airline now mirrors a terminal patient surviving on denial instead of direction. The disgrace is visible on the apron itself aircraft dispatched in patched or incomplete livery, signalling an institution unable to finance even its own identity, let alone compete credibly. As rivals across the continent renew fleets & sharpen execution, KQ drags ageing 737s through regional skies, selling hollow assurances to Kenyans & demanding belief in a seriousness that no longer exists. This decay is the predictable outcome of corruption tolerated, arrogance protected, & incompetence left airborne.

The collapse has moved from boardrooms into public view, with the Nairobi‚ÄìIndia corridor serving as the clearest autopsy. India ranks among the largest outbound passenger & cargo markets globally, yet KQ treats it like an afterthought chaotic schedules, last minute delays stretching into hours, flight mergers sprung on travellers, vacant seats paired with inflated pricing, all on a single route. A market capable of sustaining daily wide body service to Mumbai & Delhi is instead throttled by narrow body deployment, unreliable operations, & logistical disorder. Demand has not failed, management has sabotaged it from within.

As this retreat unfolds, Ethiopian Airlines advances without hesitation. Wide body aircraft now serve multiple Indian cities, cargo capacity is deliberately protected, & additional Dreamliners are ordered to expand rather than merely endure. The outcome is ruthless but logical passengers, incentive groups, tourism flows, & freight have migrated away from Kenya. IndiGo, despite its low cost model, now carries most Kenya‚ÄìIndia traffic, while cargo volumes once anchored by KQ sit firmly with competing operators. This implosion is voluntary driven by poor fleet choices, ignored alarms, collapsing crew morale, deteriorating onboard standards, & leadership indifference cushioned by executive reward. A carrier that disrespects time, customers, & markets forfeits its flag bearer status & becomes a national liability. Fail to change course now, & the India route will stand not as an anomaly, but as the architectural plan for burial.

\^\^\^ Kenya Airways is collapsing under self inflicted failures internal sabotage, alleged theft, political interference, & chronic mismanagement have replaced strategy with excuses. Its ageing fleet, patchy aircraft, declining service, and erratic schedules now expose an airline losing relevance as competitors surge ahead. On the Nairobi‚ÄìIndia route, a lucrative market is mishandled delays, reduced capacity, narrow body planes, & inflated fares drive passengers & cargo to Ethiopian Airlines & low cost carriers like IndiGo. Poor fleet planning, ignored warnings, & demoralized staff compounded by indifferent leadership threaten not just one route, but the very survival of KQ.",kenya airways a national carrier reduced to a case study in decay kenya airways is not experiencing hardship it is rotting in plain sight undermined by internal sabotage alleged spare parts theft suffocating political entanglements the airline now mirrors a terminal patient surviving on denial instead of direction the disgrace is visible on the apron itself aircraft dispatched in patched or incomplete livery signalling an institution unable to finance even its own identity let alone compete credibly as rivals across the continent renew fleets sharpen execution kq drags ageing s through regional skies selling hollow assurances to kenyans demanding belief in a seriousness that no longer exists this decay is the predictable outcome of corruption tolerated arrogance protected incompetence left airborne the collapse has moved from boardrooms into public view with the nairobi india corridor serving as the clearest autopsy india ranks among the largest outbound passenger cargo markets globally yet kq treats it like an afterthought chaotic schedules last minute delays stretching into hours flight mergers sprung on travellers vacant seats paired with inflated pricing all on a single route a market capable of sustaining daily wide body service to mumbai delhi is instead throttled by narrow body deployment unreliable operations logistical disorder demand has not failed management has sabotaged it from within as this retreat unfolds ethiopian airlines advances without hesitation wide body aircraft now serve multiple indian cities cargo capacity is deliberately protected additional dreamliners are ordered to expand rather than merely endure the outcome is ruthless but logical passengers incentive groups tourism flows freight have migrated away from kenya indigo despite its low cost model now carries most kenya india traffic while cargo volumes once anchored by kq sit firmly with competing operators this implosion is voluntary driven by poor fleet choices ignored alarms collapsing crew morale deteriorating onboard standards leadership indifference cushioned by executive reward a carrier that disrespects time customers markets forfeits its flag bearer status becomes a national liability fail to change course now the india route will stand not as an anomaly but as the architectural plan for burial kenya airways is collapsing under self inflicted failures internal sabotage alleged theft political interference chronic mismanagement have replaced strategy with excuses its ageing fleet patchy aircraft declining service and erratic schedules now expose an airline losing relevance as competitors surge ahead on the nairobi india route a lucrative market is mishandled delays reduced capacity narrow body planes inflated fares drive passengers cargo to ethiopian airlines low cost carriers like indigo poor fleet planning ignored warnings demoralized staff compounded by indifferent leadership threaten not just one route but the very survival of kq,1,2026-01-22 11:46:37,Anti-Government,0.006,anti-government,2,False,2026-01-22 11:46:37
4,Life advise for Juniors from a failed Senior,1qjrqmp,Neet_india,4,2,2026-01-22 11:07:04,not_available_141,"Learn from my story below and don't make such mistakes in your neet journey. Thank you 

Now that I look back at my last two years i can only see a series of wrong decisions that has led to my current state. 

Just like thousands of NEET and JEE aspirants in India, I scored 96.2% in ICSE Class 10. I was flying high‚Äîfull of confidence, maybe too much. I thought marks were everything. I didn‚Äôt look back, and I didn‚Äôt think ahead. It was just me, my percentage, and a dangerous amount of false confidence.

Everyone around me advised the same thing: ‚ÄúTake Biology. It‚Äôs perfect for you.‚Äù My two sisters were MBBS students at that time, so people assumed my path would be easy. I listened. I left behind my first love‚ÄîComputer Science, a subject in which I scored 99 in Class 10‚Äîand chose PCB.

That was my first big mistake.

 

My second mistake was joining a coaching institute.

I joined Mo@ent7m Coaching in Purvanchal, Uttar Pradesh. During the admission process, they made big promises. They said I wouldn‚Äôt need to go to the main branch, that the same ‚Äúbest teachers‚Äù would teach us here, and that everything would be well planned. I believed them. I even convinced my father, who was clearly against this decision.

Looking back, I realise something important: good marketing can easily hide bad systems.

They promised batches of 50 students, two or three batches minimum. By the end of the year, our batch was left with around 20 students.

The management was chaotic and extremely unstable. In just two years, the branch saw four changes in managers and four changes in receptionists. There was no continuity, no leadership, and no responsibility. Teachers who were voted out from the main branch were sent to us as HODs, and even Class 10 teachers were asked to teach us NEET-level syllabus.

We paid ‚Çπ50,000 for study modules. Out of all the material, only 4‚Äì5 modules were poorly printed on A4 paper using the coaching‚Äôs own printer. The rest were normal, but the lack of planning showed clearly.

Teachers were the most unstable part of the system.

Physics somehow survived with one teacher till late Class 11‚Äîwho eventually left.

Chemistry was a nightmare. Teachers kept changing every month. A single chapter like Chemical Bonding was taught by four or five different teachers, each with a different approach. Organic chemistry core chapters were taught by one teacher who suddenly disappeared. No continuity. No clarity. We were not students‚Äîwe were test subjects.

Nobody protested. Some had accepted this life. Some were scared. Some just didn‚Äôt care. When I tried to raise my voice, I realised something painful: standing alone is harder than suffering together in silence.

The worst damage appeared clearly in Class 12, especially during practicals.

The coaching collected everyone‚Äôs JEE Main dates, promising they would plan practical exams without clashes. They failed completely. Almost everyone‚Äôs JEE dates overlapped with practicals. Students had to beg schools for adjustments. The coaching didn‚Äôt even inform the school properly.

Later, I heard from people in school that even the school teachers, administrators, and external observers were completely tired of the chaos created by our coaching. They were frustrated with the lack of planning and constant confusion. There was always some ruckus‚Äîarguments between school teachers and the representatives of the coaching‚Äîbut despite all this noise, nothing ever improved for the students. We were the ones stuck in the middle, watching adults fight while our academics and mental health kept getting destroyed.

In vivas, we were questioned on experiments we had never actually performed. Written parts were somehow ‚Äúmanaged,‚Äù but viva exposed everything.

Uniform rules were random. One day, without any prior notice, a teacher snatched a girl‚Äôs smartwatch and deducted marks from her internal assessment. No circular. No warning. Just punishment.

By mid-Class 12, I couldn‚Äôt take it anymore. I left coaching and shifted to online PW, trying to save whatever was left.

But the damage was already done.

My marks kept deteriorating. I failed my pre-boards. Slowly, my parents lost trust in me‚Äînot because they didn‚Äôt care, but because all they could see was my fall. I was working hard, but nothing reflected on paper.

Today, I am preparing to fight for a profession I don‚Äôt even like. I am taking a drop year and joining another coaching‚Äîwhen, with proper guidance, I genuinely believe I could have cleared NEET in my first attempt.

There is no hope for me this year. I‚Äôm probably not even scoring 80% in boards, and NEET has gone terribly wrong. Sometimes the thought crosses my mind that ending everything would end the pain‚Äîbut then I realise that would only be the easiest way out, not the right one.

What hurts most is knowing that this wasn‚Äôt due to lack of effort‚Äîbut due to false promises, brainwashing, negligence, and instability. This coaching didn‚Äôt just waste my money. It ruined my confidence, my mental health, and two crucial years of my life.

If I could go back to the day my Class 10 result came out and start everything fresh, I would give my life for it. But I can‚Äôt. All I can do now is tell this story.

If you are considering Mo#ent7m Coaching, please be careful. Ask questions. Demand structure. Don‚Äôt blindly trust promises. If not taken seriously, this system can ruin you too.

Sometimes, the cost of a bad decision isn‚Äôt money.

It‚Äôs time, confidence, and peace of mind.",https://www.reddit.com/r/Neet_india/comments/1qjrqmp/life_advise_for_juniors_from_a_failed_senior/,"Life advise for Juniors from a failed Senior 2 Learn from my story below and don't make such mistakes in your neet journey. Thank you 

Now that I look back at my last two years i can only see a series of wrong decisions that has led to my current state. 

Just like thousands of NEET and JEE aspirants in India, I scored 96.2% in ICSE Class 10. I was flying high‚Äîfull of confidence, maybe too much. I thought marks were everything. I didn‚Äôt look back, and I didn‚Äôt think ahead. It was just me, my percentage, and a dangerous amount of false confidence.

Everyone around me advised the same thing: ‚ÄúTake Biology. It‚Äôs perfect for you.‚Äù My two sisters were MBBS students at that time, so people assumed my path would be easy. I listened. I left behind my first love‚ÄîComputer Science, a subject in which I scored 99 in Class 10‚Äîand chose PCB.

That was my first big mistake.

 

My second mistake was joining a coaching institute.

I joined Mo@ent7m Coaching in Purvanchal, Uttar Pradesh. During the admission process, they made big promises. They said I wouldn‚Äôt need to go to the main branch, that the same ‚Äúbest teachers‚Äù would teach us here, and that everything would be well planned. I believed them. I even convinced my father, who was clearly against this decision.

Looking back, I realise something important: good marketing can easily hide bad systems.

They promised batches of 50 students, two or three batches minimum. By the end of the year, our batch was left with around 20 students.

The management was chaotic and extremely unstable. In just two years, the branch saw four changes in managers and four changes in receptionists. There was no continuity, no leadership, and no responsibility. Teachers who were voted out from the main branch were sent to us as HODs, and even Class 10 teachers were asked to teach us NEET-level syllabus.

We paid ‚Çπ50,000 for study modules. Out of all the material, only 4‚Äì5 modules were poorly printed on A4 paper using the coaching‚Äôs own printer. The rest were normal, but the lack of planning showed clearly.

Teachers were the most unstable part of the system.

Physics somehow survived with one teacher till late Class 11‚Äîwho eventually left.

Chemistry was a nightmare. Teachers kept changing every month. A single chapter like Chemical Bonding was taught by four or five different teachers, each with a different approach. Organic chemistry core chapters were taught by one teacher who suddenly disappeared. No continuity. No clarity. We were not students‚Äîwe were test subjects.

Nobody protested. Some had accepted this life. Some were scared. Some just didn‚Äôt care. When I tried to raise my voice, I realised something painful: standing alone is harder than suffering together in silence.

The worst damage appeared clearly in Class 12, especially during practicals.

The coaching collected everyone‚Äôs JEE Main dates, promising they would plan practical exams without clashes. They failed completely. Almost everyone‚Äôs JEE dates overlapped with practicals. Students had to beg schools for adjustments. The coaching didn‚Äôt even inform the school properly.

Later, I heard from people in school that even the school teachers, administrators, and external observers were completely tired of the chaos created by our coaching. They were frustrated with the lack of planning and constant confusion. There was always some ruckus‚Äîarguments between school teachers and the representatives of the coaching‚Äîbut despite all this noise, nothing ever improved for the students. We were the ones stuck in the middle, watching adults fight while our academics and mental health kept getting destroyed.

In vivas, we were questioned on experiments we had never actually performed. Written parts were somehow ‚Äúmanaged,‚Äù but viva exposed everything.

Uniform rules were random. One day, without any prior notice, a teacher snatched a girl‚Äôs smartwatch and deducted marks from her internal assessment. No circular. No warning. Just punishment.

By mid-Class 12, I couldn‚Äôt take it anymore. I left coaching and shifted to online PW, trying to save whatever was left.

But the damage was already done.

My marks kept deteriorating. I failed my pre-boards. Slowly, my parents lost trust in me‚Äînot because they didn‚Äôt care, but because all they could see was my fall. I was working hard, but nothing reflected on paper.

Today, I am preparing to fight for a profession I don‚Äôt even like. I am taking a drop year and joining another coaching‚Äîwhen, with proper guidance, I genuinely believe I could have cleared NEET in my first attempt.

There is no hope for me this year. I‚Äôm probably not even scoring 80% in boards, and NEET has gone terribly wrong. Sometimes the thought crosses my mind that ending everything would end the pain‚Äîbut then I realise that would only be the easiest way out, not the right one.

What hurts most is knowing that this wasn‚Äôt due to lack of effort‚Äîbut due to false promises, brainwashing, negligence, and instability. This coaching didn‚Äôt just waste my money. It ruined my confidence, my mental health, and two crucial years of my life.

If I could go back to the day my Class 10 result came out and start everything fresh, I would give my life for it. But I can‚Äôt. All I can do now is tell this story.

If you are considering Mo#ent7m Coaching, please be careful. Ask questions. Demand structure. Don‚Äôt blindly trust promises. If not taken seriously, this system can ruin you too.

Sometimes, the cost of a bad decision isn‚Äôt money.

It‚Äôs time, confidence, and peace of mind.",life advise for juniors from a failed senior learn from my story below and don t make such mistakes in your neet journey thank you now that i look back at my last two years i can only see a series of wrong decisions that has led to my current state just like thousands of neet and jee aspirants in india i scored in icse class i was flying high full of confidence maybe too much i thought marks were everything i didn t look back and i didn t think ahead it was just me my percentage and a dangerous amount of false confidence everyone around me advised the same thing take biology it s perfect for you my two sisters were mbbs students at that time so people assumed my path would be easy i listened i left behind my first love computer science a subject in which i scored in class and chose pcb that was my first big mistake my second mistake was joining a coaching institute i joined mo coaching in purvanchal uttar pradesh during the admission process they made big promises they said i wouldn t need to go to the main branch that the same best teachers would teach us here and that everything would be well planned i believed them i even convinced my father who was clearly against this decision looking back i realise something important good marketing can easily hide bad systems they promised batches of students two or three batches minimum by the end of the year our batch was left with around students the management was chaotic and extremely unstable in just two years the branch saw four changes in managers and four changes in receptionists there was no continuity no leadership and no responsibility teachers who were voted out from the main branch were sent to us as hods and even class teachers were asked to teach us neet level syllabus we paid for study modules out of all the material only modules were poorly printed on a paper using the coaching s own printer the rest were normal but the lack of planning showed clearly teachers were the most unstable part of the system physics somehow survived with one teacher till late class who eventually left chemistry was a nightmare teachers kept changing every month a single chapter like chemical bonding was taught by four or five different teachers each with a different approach organic chemistry core chapters were taught by one teacher who suddenly disappeared no continuity no clarity we were not students we were test subjects nobody protested some had accepted this life some were scared some just didn t care when i tried to raise my voice i realised something painful standing alone is harder than suffering together in silence the worst damage appeared clearly in class especially during practicals the coaching collected everyone s jee main dates promising they would plan practical exams without clashes they failed completely almost everyone s jee dates overlapped with practicals students had to beg schools for adjustments the coaching didn t even inform the school properly later i heard from people in school that even the school teachers administrators and external observers were completely tired of the chaos created by our coaching they were frustrated with the lack of planning and constant confusion there was always some ruckus arguments between school teachers and the representatives of the coaching but despite all this noise nothing ever improved for the students we were the ones stuck in the middle watching adults fight while our academics and mental health kept getting destroyed in vivas we were questioned on experiments we had never actually performed written parts were somehow managed but viva exposed everything uniform rules were random one day without any prior notice a teacher snatched a girl s smartwatch and deducted marks from her internal assessment no circular no warning just punishment by mid class i couldn t take it anymore i left coaching and shifted to online pw trying to save whatever was left but the damage was already done my marks kept deteriorating i failed my pre boards slowly my parents lost trust in me not because they didn t care but because all they could see was my fall i was working hard but nothing reflected on paper today i am preparing to fight for a profession i don t even like i am taking a drop year and joining another coaching when with proper guidance i genuinely believe i could have cleared neet in my first attempt there is no hope for me this year i m probably not even scoring in boards and neet has gone terribly wrong sometimes the thought crosses my mind that ending everything would end the pain but then i realise that would only be the easiest way out not the right one what hurts most is knowing that this wasn t due to lack of effort but due to false promises brainwashing negligence and instability this coaching didn t just waste my money it ruined my confidence my mental health and two crucial years of my life if i could go back to the day my class result came out and start everything fresh i would give my life for it but i can t all i can do now is tell this story if you are considering mo coaching please be careful ask questions demand structure don t blindly trust promises if not taken seriously this system can ruin you too sometimes the cost of a bad decision isn t money it s time confidence and peace of mind,4,2026-01-22 11:07:04,Neutral,0.476,neutral,0,False,2026-01-22 11:07:04
